Workbook

Sheet Lisez-moi
B1: Modèle de campagne multi-canal — import dans la plateforme Campagnes
B3: Comment remplir
B4: 1. Onglet Campagne : marque, nom, date du lundi de la semaine 1, objectif et brief (le brief sert de contexte à l'IA pour tous les posts).
B5: 2. Onglet Contenus : une ligne par vidéo, capsule ou visuel, décrit UNE seule fois. L'ID (ex. CAP1) est réutilisé dans le planning.
B6: 3. Onglet Planning : une ligne par publication. Choisir la semaine, le jour, le compte, le format et l'ID du contenu.
B7: 4. Colonne « Texte du post » : laisser vide pour que l'IA le rédige ; la remplir pour imposer un texte.
B8: 5. Onglet Relais : les collaborateurs qui postent ou relaient. Onglet Listes : les comptes de la marque (réseau, type, mode de publication).
B10: Code couleur
B11: Jaune, texte bleu = cellule à remplir
B12: Gris = calculé automatiquement, ne pas modifier
B13: Bleu clair = rempli par la plateforme après import (statut, lien publié)
B15: Modes de publication
... B24: Exemple pré-rempli : plan « Vidéo LDDLT » (6 capsules, 6 Shorts). À compléter : date de début, heures, lien de la vidéo longue, résumés des capsules.

Sheet Campagne
A1: Champ | B1: Valeur
A2: Marque | B2: IT for Business
A3: Nom de la campagne | B3: Promotion vidéo LDDLT
A4: Date de début (lundi S1) | B4: 46300
A5: Objectif
A6: Cible
A7: Brief pour l'IA
A8: ID de la vidéo principale | B8: VID-LONG

Sheet Contenus
A1: ID | B1: Type | C1: Titre | D1: Lien média (Frame.io, Drive…) | E1: Durée | F1: Résumé / message clé (pour l'IA) | G1: Lien YouTube (une fois en ligne)
A2: VID-LONG | B2: Vidéo longue | C2: Vidéo longue LDDLT
A3: CAP1 | B3: Capsule | C3: Capsule 1 | D3: https://next.frame.io/share/0ab5a1c0-22f4-402e-a05a-05ef61c0e567/view/9e42da5c-f9b9-451f-8959-6012c18de372
A4: CAP2 | B4: Capsule | C4: Capsule 2 | D4: https://next.frame.io/share/0ab5a1c0-22f4-402e-a05a-05ef61c0e567/view/4bca616d-c6b8-46b5-9936-5996b6e7781d
A5: CAP3 | B5: Capsule | C5: Capsule 3 | D5: https://next.frame.io/share/0ab5a1c0-22f4-402e-a05a-05ef61c0e567/view/6da21d6f-a4c3-4378-bb8f-f6ce430b5c6d
A6: CAP4 | B6: Capsule | C6: Capsule 4 | D6: https://next.frame.io/share/0ab5a1c0-22f4-402e-a05a-05ef61c0e567/view/7422aabf-ec75-4b45-840e-d7f03796fd52
A7: CAP5 | B7: Capsule | C7: Capsule 5 | D7: https://next.frame.io/share/0ab5a1c0-22f4-402e-a05a-05ef61c0e567/view/5b065daa-49f0-4b8f-a3da-08dc115f8e01
A8: CAP6 | B8: Capsule | C8: Capsule 6 | D8: https://next.frame.io/share/0ab5a1c0-22f4-402e-a05a-05ef61c0e567/view/8e2dee3b-2506-4ce8-872d-b69107ebc363
A9: SHORT1 | B9: Short | C9: Short 1 | D9: https://next.frame.io/share/0ab5a1c0-22f4-402e-a05a-05ef61c0e567/view/9e42da5c-f9b9-451f-8959-6012c18de372
A10: SHORT2 | B10: Short | C10: Short 2 | D10: https://next.frame.io/share/0ab5a1c0-22f4-402e-a05a-05ef61c0e567/view/4bca616d-c6b8-46b5-9936-5996b6e7781d
A11: SHORT3 | B11: Short | C11: Short 3 | D11: https://next.frame.io/share/0ab5a1c0-22f4-402e-a05a-05ef61c0e567/view/6da21d6f-a4c3-4378-bb8f-f6ce430b5c6d
A12: SHORT4 | B12: Short | C12: Short 4 | D12: https://next.frame.io/share/0ab5a1c0-22f4-402e-a05a-05ef61c0e567/view/7422aabf-ec75-4b45-840e-d7f03796fd52
A13: SHORT5 | B13: Short | C13: Short 5 | D13: https://next.frame.io/share/0ab5a1c0-22f4-402e-a05a-05ef61c0e567/view/5b065daa-49f0-4b8f-a3da-08dc115f8e01
A14: SHORT6 | B14: Short | C14: Short 6 | D14: https://next.frame.io/share/0ab5a1c0-22f4-402e-a05a-05ef61c0e567/view/8e2dee3b-2506-4ce8-872d-b69107ebc363

Sheet Planning
A1: Semaine | B1: Jour | C1: Date | D1: Heure | E1: Compte | F1: Réseau | G1: Mode | H1: Format | I1: ID contenu | J1: Titre du contenu | K1: Lien vers (ID ou URL) | L1: Sujet / angle | M1: Texte du post (vide = IA) | N1: Relayé par (noms, virgules) | O1: Statut | P1: Lien publié
A2: 1 | B2: Lundi | C2: =IF(OR(A2="",B2=""),"",Campagne!$B$4+(A2-1)*7+INDEX(Listes!$B$2:$B$8,MATCH(B2,Listes!$A$2:$A$8,0))) -> 46300 | D2: 0.375 | E2: ITforBusiness | F2: =IF(E2="","",IFERROR(INDEX(Listes!$E$2:$E$11,MATCH(E2,Listes!$D$2:$D$11,0)),"?")) -> LinkedIn | G2: =IF(E2="","",IFERROR(INDEX(Listes!$G$2:$G$11,MATCH(E2,Listes!$D$2:$D$11,0)),"?")) -> Auto | H2: Post vidéo | I2: CAP1 | J2: =IF(I2="","",IFERROR(INDEX(Contenus!$C:$C,MATCH(I2,Contenus!$A:$A,0)),"ID inconnu")) -> Capsule 1 | O2: À faire
A3: 1 | B3: Mercredi | C3: =IF(OR(A3="",B3=""),"",Campagne!$B$4+(A3-1)*7+INDEX(Listes!$B$2:$B$8,MATCH(B3,Listes!$A$2:$A$8,0))) -> 46302 | D3: 0.375 | E3: Anne Laure | F3: =IF(E3="","",IFERROR(INDEX(Listes!$E$2:$E$11,MATCH(E3,Listes!$D$2:$D$11,0)),"?")) -> LinkedIn | G3: =IF(E3="","",IFERROR(INDEX(Listes!$G$2:$G$11,MATCH(E3,Listes!$D$2:$D$11,0)),"?")) -> Relais | H3: Post vidéo | I3: CAP6 | J3: =IF(I3="","",IFERROR(INDEX(Contenus!$C:$C,MATCH(I3,Contenus!$A:$A,0)),"ID inconnu")) -> Capsule 6 | O3: Publié | P3: https://lnkd.in/p/e3Aw4K5d
A4: 1 | B4: Jeudi | C4: =IF(OR(A4="",B4=""),"",Campagne!$B$4+(A4-1)*7+INDEX(Listes!$B$2:$B$8,MATCH(B4,Listes!$A$2:$A$8,0))) -> 46303 | D4: 0.375 | E4: IT for Business YouTube | F4: =IF(E4="","",IFERROR(INDEX(Listes!$E$2:$E$11,MATCH(E4,Listes!$D$2:$D$11,0)),"?")) -> YouTube | G4: =IF(E4="","",IFERROR(INDEX(Listes!$G$2:$G$11,MATCH(E4,Listes!$D$2:$D$11,0)),"?")) -> Studio | H4: Short | I4: SHORT1 | J4: =IF(I4="","",IFERROR(INDEX(Contenus!$C:$C,MATCH(I4,Contenus!$A:$A,0)),"ID inconnu")) -> Short 1 | K4: VID-LONG | L4: Extrait qui donne envie de voir la vidéo longue | O4: À faire
A5: 2 | B5: Lundi | C5: =IF(OR(A5="",B5=""),"",Campagne!$B$4+(A5-1)*7+INDEX(Listes!$B$2:$B$8,MATCH(B5,Listes!$A$2:$A$8,0))) -> 46307 | D5: 0.375 | E5: ITforBusiness | F5: =IF(E5="","",IFERROR(INDEX(Listes!$E$2:$E$11,MATCH(E5,Listes!$D$2:$D$11,0)),"?")) -> LinkedIn | G5: =IF(E5="","",IFERROR(INDEX(Listes!$G$2:$G$11,MATCH(E5,Listes!$D$2:$D$11,0)),"?")) -> Auto | H5: Post vidéo | I5: CAP2 | J5: =IF(I5="","",IFERROR(INDEX(Contenus!$C:$C,MATCH(I5,Contenus!$A:$A,0)),"ID inconnu")) -> Capsule 2 | O5: À faire
A6: 2 | B6: Mercredi | C6: =IF(OR(A6="",B6=""),"",Campagne!$B$4+(A6-1)*7+INDEX(Listes!$B$2:$B$8,MATCH(B6,Listes!$A$2:$A$8,0))) -> 46309 | D6: 0.375 | E6: Anne Laure | F6: =IF(E6="","",IFERROR(INDEX(Listes!$E$2:$E$11,MATCH(E6,Listes!$D$2:$D$11,0)),"?")) -> LinkedIn | G6: =IF(E6="","",IFERROR(INDEX(Listes!$G$2:$G$11,MATCH(E6,Listes!$D$2:$D$11,0)),"?")) -> Relais | H6: Post vidéo | I6: CAP5 | J6: =IF(I6="","",IFERROR(INDEX(Contenus!$C:$C,MATCH(I6,Contenus!$A:$A,0)),"ID inconnu")) -> Capsule 5 | O6: À faire
A7: 2 | B7: Jeudi | C7: =IF(OR(A7="",B7=""),"",Campagne!$B$4+(A7-1)*7+INDEX(Listes!$B$2:$B$8,MATCH(B7,Listes!$A$2:$A$8,0))) -> 46310 | D7: 0.375 | E7: IT for Business YouTube | F7: =IF(E7="","",IFERROR(INDEX(Listes!$E$2:$E$11,MATCH(E7,Listes!$D$2:$D$11,0)),"?")) -> YouTube | G7: =IF(E7="","",IFERROR(INDEX(Listes!$G$2:$G$11,MATCH(E7,Listes!$D$2:$D$11,0)),"?")) -> Studio | H7: Short | I7: SHORT2 | J7: =IF(I7="","",IFERROR(INDEX(Contenus!$C:$C,MATCH(I7,Contenus!$A:$A,0)),"ID inconnu")) -> Short 2 | K7: VID-LONG | L7: Extrait qui donne envie de voir la vidéo longue | O7: À faire
A8: 3 | B8: Lundi | C8: =IF(OR(A8="",B8=""),"",Campagne!$B$4+(A8-1)*7+INDEX(Listes!$B$2:$B$8,MATCH(B8,Listes!$A$2:$A$8,0))) -> 46314 | D8: 0.375 | E8: ITforBusiness | F8: =IF(E8="","",IFERROR(INDEX(Listes!$E$2:$E$11,MATCH(E8,Listes!$D$2:$D$11,0)),"?")) -> LinkedIn | G8: =IF(E8="","",IFERROR(INDEX(Listes!$G$2:$G$11,MATCH(E8,Listes!$D$2:$D$11,0)),"?")) -> Auto | H8: Post vidéo | I8: CAP3 | J8: =IF(I8="","",IFERROR(INDEX(Contenus!$C:$C,MATCH(I8,Contenus!$A:$A,0)),"ID inconnu")) -> Capsule 3 | O8: À faire
A9: 3 | B9: Mercredi | C9: =IF(OR(A9="",B9=""),"",Campagne!$B$4+(A9-1)*7+INDEX(Listes!$B$2:$B$8,MATCH(B9,Listes!$A$2:$A$8,0))) -> 46316 | D9: 0.375 | E9: Anne Laure | F9: =IF(E9="","",IFERROR(INDEX(Listes!$E$2:$E$11,MATCH(E9,Listes!$D$2:$D$11,0)),"?")) -> LinkedIn | G9: =IF(E9="","",IFERROR(INDEX(Listes!$G$2:$G$11,MATCH(E9,Listes!$D$2:$D$11,0)),"?")) -> Relais | H9: Post vidéo | I9: CAP4 | J9: =IF(I9="","",IFERROR(INDEX(Contenus!$C:$C,MATCH(I9,Contenus!$A:$A,0)),"ID inconnu")) -> Capsule 4 | O9: À faire
A10: 3 | B10: Jeudi | C10: =IF(OR(A10="",B10=""),"",Campagne!$B$4+(A10-1)*7+INDEX(Listes!$B$2:$B$8,MATCH(B10,Listes!$A$2:$A$8,0))) -> 46317 | D10: 0.375 | E10: IT for Business YouTube | F10: =IF(E10="","",IFERROR(INDEX(Listes!$E$2:$E$11,MATCH(E10,Listes!$D$2:$D$11,0)),"?")) -> YouTube | G10: =IF(E10="","",IFERROR(INDEX(Listes!$G$2:$G$11,MATCH(E10,Listes!$D$2:$D$11,0)),"?")) -> Studio | H10: Short | I10: SHORT3 | J10: =IF(I10="","",IFERROR(INDEX(Contenus!$C:$C,MATCH(I10,Contenus!$A:$A,0)),"ID inconnu")) -> Short 3 | K10: VID-LONG | L10: Extrait qui donne envie de voir la vidéo longue | O10: À faire
A11: 4 | B11: Lundi | C11: =IF(OR(A11="",B11=""),"",Campagne!$B$4+(A11-1)*7+INDEX(Listes!$B$2:$B$8,MATCH(B11,Listes!$A$2:$A$8,0))) -> 46321 | D11: 0.375 | E11: ITforBusiness | F11: =IF(E11="","",IFERROR(INDEX(Listes!$E$2:$E$11,MATCH(E11,Listes!$D$2:$D$11,0)),"?")) -> LinkedIn | G11: =IF(E11="","",IFERROR(INDEX(Listes!$G$2:$G$11,MATCH(E11,Listes!$D$2:$D$11,0)),"?")) -> Auto | H11: Post vidéo | I11: CAP4 | J11: =IF(I11="","",IFERROR(INDEX(Contenus!$C:$C,MATCH(I11,Contenus!$A:$A,0)),"ID inconnu")) -> Capsule 4 | O11: À faire
A12: 4 | B12: Mercredi | C12: =IF(OR(A12="",B12=""),"",Campagne!$B$4+(A12-1)*7+INDEX(Listes!$B$2:$B$8,MATCH(B12,Listes!$A$2:$A$8,0))) -> 46323 | D12: 0.375 | E12: Anne Laure | F12: =IF(E12="","",IFERROR(INDEX(Listes!$E$2:$E$11,MATCH(E12,Listes!$D$2:$D$11,0)),"?")) -> LinkedIn | G12: =IF(E12="","",IFERROR(INDEX(Listes!$G$2:$G$11,MATCH(E12,Listes!$D$2:$D$11,0)),"?")) -> Relais | H12: Post vidéo | I12: CAP3 | J12: =IF(I12="","",IFERROR(INDEX(Contenus!$C:$C,MATCH(I12,Contenus!$A:$A,0)),"ID inconnu")) -> Capsule 3 | O12: À faire
A13: 4 | B13: Jeudi | C13: =IF(OR(A13="",B13=""),"",Campagne!$B$4+(A13-1)*7+INDEX(Listes!$B$2:$B$8,MATCH(B13,Listes!$A$2:$A$8,0))) -> 46324 | D13: 0.375 | E13: IT for Business YouTube | F13: =IF(E13="","",IFERROR(INDEX(Listes!$E$2:$E$11,MATCH(E13,Listes!$D$2:$D$11,0)),"?")) -> YouTube | G13: =IF(E13="","",IFERROR(INDEX(Listes!$G$2:$G$11,MATCH(E13,Listes!$D$2:$D$11,0)),"?")) -> Studio | H13: Short | I13: SHORT4 | J13: =IF(I13="","",IFERROR(INDEX(Contenus!$C:$C,MATCH(I13,Contenus!$A:$A,0)),"ID inconnu")) -> Short 4 | K13: VID-LONG | L13: Extrait qui donne envie de voir la vidéo longue | O13: À faire
A14: 5 | B14: Lundi | C14: =IF(OR(A14="",B14=""),"",Campagne!$B$4+(A14-1)*7+INDEX(Listes!$B$2:$B$8,MATCH(B14,Listes!$A$2:$A$8,0))) -> 46328 | D14: 0.375 | E14: ITforBusiness | F14: =IF(E14="","",IFERROR(INDEX(Listes!$E$2:$E$11,MATCH(E14,Listes!$D$2:$D$11,0)),"?")) -> LinkedIn | G14: =IF(E14="","",IFERROR(INDEX(Listes!$G$2:$G$11,MATCH(E14,Listes!$D$2:$D$11,0)),"?")) -> Auto | H14: Post vidéo | I14: CAP5 | J14: =IF(I14="","",IFERROR(INDEX(Contenus!$C:$C,MATCH(I14,Contenus!$A:$A,0)),"ID inconnu")) -> Capsule 5 | O14: À faire
A15: 5 | B15: Mercredi | C15: =IF(OR(A15="",B15=""),"",Campagne!$B$4+(A15-1)*7+INDEX(Listes!$B$2:$B$8,MATCH(B15,Listes!$A$2:$A$8,0))) -> 46330 | D15: 0.375 | E15: Anne Laure | F15: =IF(E15="","",IFERROR(INDEX(Listes!$E$2:$E$11,MATCH(E15,Listes!$D$2:$D$11,0)),"?")) -> LinkedIn | G15: =IF(E15="","",IFERROR(INDEX(Listes!$G$2:$G$11,MATCH(E15,Listes!$D$2:$D$11,0)),"?")) -> Relais | H15: Post vidéo | I15: CAP2 | J15: =IF(I15="","",IFERROR(INDEX(Contenus!$C:$C,MATCH(I15,Contenus!$A:$A,0)),"ID inconnu")) -> Capsule 2 | O15: À faire
A16: 5 | B16: Jeudi | C16: =IF(OR(A16="",B16=""),"",Campagne!$B$4+(A16-1)*7+INDEX(Listes!$B$2:$B$8,MATCH(B16,Listes!$A$2:$A$8,0))) -> 46331 | D16: 0.375 | E16: IT for Business YouTube | F16: =IF(E16="","",IFERROR(INDEX(Listes!$E$2:$E$11,MATCH(E16,Listes!$D$2:$D$11,0)),"?")) -> YouTube | G16: =IF(E16="","",IFERROR(INDEX(Listes!$G$2:$G$11,MATCH(E16,Listes!$D$2:$D$11,0)),"?")) -> Studio | H16: Short | I16: SHORT5 | J16: =IF(I16="","",IFERROR(INDEX(Contenus!$C:$C,MATCH(I16,Contenus!$A:$A,0)),"ID inconnu")) -> Short 5 | K16: VID-LONG | L16: Extrait qui donne envie de voir la vidéo longue | O16: À faire
A17: 6 | B17: Lundi | C17: =IF(OR(A17="",B17=""),"",Campagne!$B$4+(A17-1)*7+INDEX(Listes!$B$2:$B$8,MATCH(B17,Listes!$A$2:$A$8,0))) -> 46335 | D17: 0.375 | E17: ITforBusiness | F17: =IF(E17="","",IFERROR(INDEX(Listes!$E$2:$E$11,MATCH(E17,Listes!$D$2:$D$11,0)),"?")) -> LinkedIn | G17: =IF(E17="","",IFERROR(INDEX(Listes!$G$2:$G$11,MATCH(E17,Listes!$D$2:$D$11,0)),"?")) -> Auto | H17: Post vidéo | I17: CAP6 | J17: =IF(I17="","",IFERROR(INDEX(Contenus!$C:$C,MATCH(I17,Contenus!$A:$A,0)),"ID inconnu")) -> Capsule 6 | O17: À faire
A18: 6 | B18: Mercredi | C18: =IF(OR(A18="",B18=""),"",Campagne!$B$4+(A18-1)*7+INDEX(Listes!$B$2:$B$8,MATCH(B18,Listes!$A$2:$A$8,0))) -> 46337 | D18: 0.375 | E18: Anne Laure | F18: =IF(E18="","",IFERROR(INDEX(Listes!$E$2:$E$11,MATCH(E18,Listes!$D$2:$D$11,0)),"?")) -> LinkedIn | G18: =IF(E18="","",IFERROR(INDEX(Listes!$G$2:$G$11,MATCH(E18,Listes!$D$2:$D$11,0)),"?")) -> Relais | H18: Post vidéo | I18: CAP1 | J18: =IF(I18="","",IFERROR(INDEX(Contenus!$C:$C,MATCH(I18,Contenus!$A:$A,0)),"ID inconnu")) -> Capsule 1 | O18: À faire
A19: 6 | B19: Jeudi | C19: =IF(OR(A19="",B19=""),"",Campagne!$B$4+(A19-1)*7+INDEX(Listes!$B$2:$B$8,MATCH(B19,Listes!$A$2:$A$8,0))) -> 46338 | D19: 0.375 | E19: IT for Business YouTube | F19: =IF(E19="","",IFERROR(INDEX(Listes!$E$2:$E$11,MATCH(E19,Listes!$D$2:$D$11,0)),"?")) -> YouTube | G19: =IF(E19="","",IFERROR(INDEX(Listes!$G$2:$G$11,MATCH(E19,Listes!$D$2:$D$11,0)),"?")) -> Studio | H19: Short | I19: SHORT6 | J19: =IF(I19="","",IFERROR(INDEX(Contenus!$C:$C,MATCH(I19,Contenus!$A:$A,0)),"ID inconnu")) -> Short 6 | K19: VID-LONG | L19: Extrait qui donne envie de voir la vidéo longue | O19: À faire
C20: =IF(OR(A20="",B20=""),"",Campagne!$B$4+(A20-1)*7+INDEX(Listes!$B$2:$B$8,MATCH(B20,Listes!$A$2:$A$8,0))) | F20: =IF(E20="","",IFERROR(INDEX(Listes!$E$2:$E$11,MATCH(E20,Listes!$D$2:$D$11,0)),"?")) | G20: =IF(E20="","",IFERROR(INDEX(Listes!$G$2:$G$11,MATCH(E20,Listes!$D$2:$D$11,0)),"?")) | J20: =IF(I20="","",IFERROR(INDEX(Contenus!$C:$C,MATCH(I20,Contenus!$A:$A,0)),"ID inconnu"))
C21: =IF(OR(A21="",B21=""),"",Campagne!$B$4+(A21-1)*7+INDEX(Listes!$B$2:$B$8,MATCH(B21,Listes!$A$2:$A$8,0))) | F21: =IF(E21="","",IFERROR(INDEX(Listes!$E$2:$E$11,MATCH(E21,Listes!$D$2:$D$11,0)),"?")) | G21: =IF(E21="","",IFERROR(INDEX(Listes!$G$2:$G$11,MATCH(E21,Listes!$D$2:$D$11,0)),"?")) | J21: =IF(I21="","",IFERROR(INDEX(Contenus!$C:$C,MATCH(I21,Contenus!$A:$A,0)),"ID inconnu"))
C22: =IF(OR(A22="",B22=""),"",Campagne!$B$4+(A22-1)*7+INDEX(Listes!$B$2:$B$8,MATCH(B22,Listes!$A$2:$A$8,0))) | F22: =IF(E22="","",IFERROR(INDEX(Listes!$E$2:$E$11,MATCH(E22,Listes!$D$2:$D$11,0)),"?")) | G22: =IF(E22="","",IFERROR(INDEX(Listes!$G$2:$G$11,MATCH(E22,Listes!$D$2:$D$11,0)),"?")) | J22: =IF(I22="","",IFERROR(INDEX(Contenus!$C:$C,MATCH(I22,Contenus!$A:$A,0)),"ID inconnu"))
C23: =IF(OR(A23="",B23=""),"",Campagne!$B$4+(A23-1)*7+INDEX(Listes!$B$2:$B$8,MATCH(B23,Listes!$A$2:$A$8,0))) | F23: =IF(E23="","",IFERROR(INDEX(Listes!$E$2:$E$11,MATCH(E23,Listes!$D$2:$D$11,0)),"?")) | G23: =IF(E23="","",IFERROR(INDEX(Listes!$G$2:$G$11,MATCH(E23,Listes!$D$2:$D$11,0)),"?")) | J23: =IF(I23="","",IFERROR(INDEX(Contenus!$C:$C,MATCH(I23,Contenus!$A:$A,0)),"ID inconnu"))
C24: =IF(OR(A24="",B24=""),"",Campagne!$B$4+(A24-1)*7+INDEX(Listes!$B$2:$B$8,MATCH(B24,Listes!$A$2:$A$8,0))) | F24: =IF(E24="","",IFERROR(INDEX(Listes!$E$2:$E$11,MATCH(E24,Listes!$D$2:$D$11,0)),"?")) | G24: =IF(E24="","",IFERROR(INDEX(Listes!$G$2:$G$11,MATCH(E24,Listes!$D$2:$D$11,0)),"?")) | J24: =IF(I24="","",IFERROR(INDEX(Contenus!$C:$C,MATCH(I24,Contenus!$A:$A,0)),"ID inconnu"))
C25: =IF(OR(A25="",B25=""),"",Campagne!$B$4+(A25-1)*7+INDEX(Listes!$B$2:$B$8,MATCH(B25,Listes!$A$2:$A$8,0))) | F25: =IF(E25="","",IFERROR(INDEX(Listes!$E$2:$E$11,MATCH(E25,Listes!$D$2:$D$11,0)),"?")) | G25: =IF(E25="","",IFERROR(INDEX(Listes!$G$2:$G$11,MATCH(E25,Listes!$D$2:$D$11,0)),"?")) | J25: =IF(I25="","",IFERROR(INDEX(Contenus!$C:$C,MATCH(I25,Contenus!$A:$A,0)),"ID inconnu"))
C26: =IF(OR(A26="",B26=""),"",Campagne!$B$4+(A26-1)*7+INDEX(Listes!$B$2:$B$8,MATCH(B26,Listes!$A$2:$A$8,0))) | F26: =IF(E26="","",IFERROR(INDEX(Listes!$E$2:$E$11,MATCH(E26,Listes!$D$2:$D$11,0)),"?")) | G26: =IF(E26="","",IFERROR(INDEX(Listes!$G$2:$G$11,MATCH(E26,Listes!$D$2:$D$11,0)),"?")) | J26: =IF(I26="","",IFERROR(INDEX(Contenus!$C:$C,MATCH(I26,Contenus!$A:$A,0)),"ID inconnu"))
C27: =IF(OR(A27="",B27=""),"",Campagne!$B$4+(A27-1)*7+INDEX(Listes!$B$2:$B$8,MATCH(B27,Listes!$A$2:$A$8,0))) | F27: =IF(E27="","",IFERROR(INDEX(Listes!$E$2:$E$11,MATCH(E27,Listes!$D$2:$D$11,0)),"?")) | G27: =IF(E27="","",IFERROR(INDEX(Listes!$G$2:$G$11,MATCH(E27,Listes!$D$2:$D$11,0)),"?")) | J27: =IF(I27="","",IFERROR(INDEX(Contenus!$C:$C,MATCH(I27,Contenus!$A:$A,0)),"ID inconnu"))
C28: =IF(OR(A28="",B28=""),"",Campagne!$B$4+(A28-1)*7+INDEX(Listes!$B$2:$B$8,MATCH(B28,Listes!$A$2:$A$8,0))) | F28: =IF(E28="","",IFERROR(INDEX(Listes!$E$2:$E$11,MATCH(E28,Listes!$D$2:$D$11,0)),"?")) | G28: =IF(E28="","",IFERROR(INDEX(Listes!$G$2:$G$11,MATCH(E28,Listes!$D$2:$D$11,0)),"?")) | J28: =IF(I28="","",IFERROR(INDEX(Contenus!$C:$C,MATCH(I28,Contenus!$A:$A,0)),"ID inconnu"))
C29: =IF(OR(A29="",B29=""),"",Campagne!$B$4+(A29-1)*7+INDEX(Listes!$B$2:$B$8,MATCH(B29,Listes!$A$2:$A$8,0))) | F29: =IF(E29="","",IFERROR(INDEX(Listes!$E$2:$E$11,MATCH(E29,Listes!$D$2:$D$11,0)),"?")) | G29: =IF(E29="","",IFERROR(INDEX(Listes!$G$2:$G$11,MATCH(E29,Listes!$D$2:$D$11,0)),"?")) | J29: =IF(I29="","",IFERROR(INDEX(Contenus!$C:$C,MATCH(I29,Contenus!$A:$A,0)),"ID inconnu"))
C30: =IF(OR(A30="",B30=""),"",Campagne!$B$4+(A30-1)*7+INDEX(Listes!$B$2:$B$8,MATCH(B30,Listes!$A$2:$A$8,0))) | F30: =IF(E30="","",IFERROR(INDEX(Listes!$E$2:$E$11,MATCH(E30,Listes!$D$2:$D$11,0)),"?")) | G30: =IF(E30="","",IFERROR(INDEX(Listes!$G$2:$G$11,MATCH(E30,Listes!$D$2:$D$11,0)),"?")) | J30: =IF(I30="","",IFERROR(INDEX(Contenus!$C:$C,MATCH(I30,Contenus!$A:$A,0)),"ID inconnu"))
C31: =IF(OR(A31="",B31=""),"",Campagne!$B$4+(A31-1)*7+INDEX(Listes!$B$2:$B$8,MATCH(B31,Listes!$A$2:$A$8,0))) | F31: =IF(E31="","",IFERROR(INDEX(Listes!$E$2:$E$11,MATCH(E31,Listes!$D$2:$D$11,0)),"?")) | G31: =IF(E31="","",IFERROR(INDEX(Listes!$G$2:$G$11,MATCH(E31,Listes!$D$2:$D$11,0)),"?")) | J31: =IF(I31="","",IFERROR(INDEX(Contenus!$C:$C,MATCH(I31,Contenus!$A:$A,0)),"ID inconnu"))
... C59: =IF(OR(A59="",B59=""),"",Campagne!$B$4+(A59-1)*7+INDEX(Listes!$B$2:$B$8,MATCH(B59,Listes!$A$2:$A$8,0))) | F59: =IF(E59="","",IFERROR(INDEX(Listes!$E$2:$E$11,MATCH(E59,Listes!$D$2:$D$11,0)),"?")) | G59: =IF(E59="","",IFERROR(INDEX(Listes!$G$2:$G$11,MATCH(E59,Listes!$D$2:$D$11,0)),"?")) | J59: =IF(I59="","",IFERROR(INDEX(Contenus!$C:$C,MATCH(I59,Contenus!$A:$A,0)),"ID inconnu"))

Sheet Relais
A1: Prénom | B1: Nom | C1: E-mail | D1: Poste | E1: URL profil LinkedIn | F1: Ton / style (pour l'IA) | G1: Nom dans le planning
A2: Anne Laure | G2: =IF(A2="","",TRIM(A2&IF(B2="",""," "&B2))) -> Anne Laure
G3: =IF(A3="","",TRIM(A3&IF(B3="",""," "&B3)))
G4: =IF(A4="","",TRIM(A4&IF(B4="",""," "&B4)))
G5: =IF(A5="","",TRIM(A5&IF(B5="",""," "&B5)))
G6: =IF(A6="","",TRIM(A6&IF(B6="",""," "&B6)))
G7: =IF(A7="","",TRIM(A7&IF(B7="",""," "&B7)))
G8: =IF(A8="","",TRIM(A8&IF(B8="",""," "&B8)))
G9: =IF(A9="","",TRIM(A9&IF(B9="",""," "&B9)))
G10: =IF(A10="","",TRIM(A10&IF(B10="",""," "&B10)))
G11: =IF(A11="","",TRIM(A11&IF(B11="",""," "&B11)))
G12: =IF(A12="","",TRIM(A12&IF(B12="",""," "&B12)))
G13: =IF(A13="","",TRIM(A13&IF(B13="",""," "&B13)))
G14: =IF(A14="","",TRIM(A14&IF(B14="",""," "&B14)))
... G31: =IF(A31="","",TRIM(A31&IF(B31="",""," "&B31)))

Sheet Listes
A1: Jour | B1: Décalage (jours) | D1: Compte | E1: Réseau | F1: Type | G1: Mode de publication | I1: Format | K1: Type de contenu | M1: Réseau
A2: Lundi | B2: 0 | D2: ITforBusiness | E2: LinkedIn | F2: Page entreprise | G2: Auto | I2: Post vidéo | K2: Capsule | M2: LinkedIn
A3: Mardi | B3: 1 | D3: Anne Laure | E3: LinkedIn | F3: Profil personnel | G3: Relais | I3: Short | K3: Short | M3: YouTube
A4: Mercredi | B4: 2 | D4: IT for Business YouTube | E4: YouTube | F4: Chaîne | G4: Studio | I4: Vidéo longue | K4: Vidéo longue
A5: Jeudi | B5: 3 | I5: Image | K5: Image
A6: Vendredi | B6: 4 | I6: Document PDF | K6: Document PDF
A7: Samedi | B7: 5 | I7: Texte seul
A8: Dimanche | B8: 6
